"","baseMean","log2FoldChange","lfcSE","stat","pvalue","padj","Significant"
"Dlk1",2168.76767816511,-5.31849787723717,1.25191630774343,-4.24828548389447,2.15412778179158e-05,0.0232919962151173,"Yes"
"Lrrc17",338.832828647724,-4.52838321452904,1.01460593763248,-4.46319408015267,8.0746852459351e-06,0.012005038289394,"Yes"
"Zfhx4",204.194468685802,-4.37566875227847,0.624720653053093,-7.00420056691577,2.48400058204569e-12,2.95447029228515e-08,"Yes"
"Tmem26",109.040385140574,-4.14400874326171,0.923797059657947,-4.48584318377903,7.26261446084926e-06,0.012005038289394,"Yes"
"Dpt",122.711280186651,-3.94347563348085,0.944690702491573,-4.17435635079306,2.98829700803698e-05,0.0244082664658781,"Yes"
"Epha7",489.914114921374,-3.93450354798086,0.898813349679784,-4.37744226805553,1.20080153728805e-05,0.0158692594272267,"Yes"
"Hmcn1",286.140954840049,-3.36658195836636,0.543451103360189,-6.19482035743528,5.83515435326955e-10,3.4701662938894e-06,"Yes"
"Apol6",49.2338928283057,-3.27178414980247,0.721235905554008,-4.53635783327965,5.72340394801319e-06,0.012005038289394,"Yes"
"Kif26b",619.140404099278,-2.66210162963083,0.666673878028924,-3.99310925081024,6.52125032924329e-05,0.0484773446350123,"Yes"
"Lpl",1312.83365814583,-2.43409720252349,0.47934328954496,-5.07798326505034,3.81462285398381e-07,0.00151237080750945,"Yes"
"Usp11",276.142665426968,-1.96994641063579,0.472681169255474,-4.16760078202115,3.07822428945831e-05,0.0244082664658781,"Yes"
"Il1r1",709.478501031774,-1.43413874586817,0.331968793762951,-4.32010108423699,1.5595774454717e-05,0.0185496141364404,"Yes"
"Narf",506.296914266812,-1.17417987940738,0.281122093969632,-4.17676128840381,2.95689046315831e-05,0.0244082664658781,"Yes"
"Nxn",2328.98770196444,-0.859676597997097,0.204686835705434,-4.19996036889378,2.66961703786168e-05,0.0244082664658781,"Yes"
"Rbp1",233.727149240946,4.34926984014955,0.962659253740232,4.51797437489046,6.24340378427235e-06,0.012005038289394,"Yes"
"Hhip",573.593538565474,5.49619430213279,1.2019260123277,4.57282249136838,4.81197783443258e-06,0.012005038289394,"Yes"
